dataset,method,policy,f1_mean,f1_std,precision_mean,recall_mean,auc_mean,aucpr_mean,event_recall_mean,fpr_mean,false_alarm_events_per_10k_mean
BATADAL,Mahalanobis Distance,val_f1,0.5527638190954773,0.0,0.497737556561086,0.6214689265536724,0.7681432497988653,0.37279563970336393,0.5,0.058761249338274216,26.469031233456857
BATADAL,Mahalanobis Distance,train_q99,0.15782434239857335,0.0,0.0856727976766699,1.0,0.7681432497988653,0.37279563970336393,1.0,1.0,26.469031233456857
BATADAL,Mahalanobis Distance,train_q995,0.15782434239857335,0.0,0.0856727976766699,1.0,0.7681432497988653,0.37279563970336393,1.0,1.0,26.469031233456857
BATADAL,PCA Reconstruction,val_f1,0.5565610859728507,0.0,0.4641509433962264,0.6949152542372882,0.938472213498907,0.6415033877371263,1.0,0.07517204870301747,37.056643726839596
BATADAL,PCA Reconstruction,train_q99,0.5090180360721442,0.0,0.3944099378881988,0.7175141242937854,0.938472213498907,0.6415033877371263,1.0,0.10322922181048173,52.93806246691371
BATADAL,PCA Reconstruction,train_q995,0.5291666666666667,0.0,0.41914191419141916,0.7175141242937854,0.938472213498907,0.6415033877371263,1.0,0.09317098994176813,63.525674960296456
BATADAL,One-Class SVM,val_f1,0.57172577076369,0.005059112341840495,0.5254752645260249,0.6271186440677966,0.9047683137283052,0.6401648270604388,0.75,0.053114522675136756,47.64425622022234
BATADAL,One-Class SVM,train_q99,0.5331553615269337,0.002841659318790363,0.42617619910493904,0.711864406779661,0.9047683137283052,0.6401648270604388,0.75,0.08981824598553027,88.23010411152285
BATADAL,One-Class SVM,train_q995,0.5502982628646346,0.0014078944617406984,0.45311133311133306,0.7005649717514123,0.9047683137283052,0.6401648270604388,0.75,0.07923063349214753,67.05487912475736
BATADAL,Isolation Forest,val_f1,0.47299234804825624,0.005463174816760766,0.5693628552473892,0.4048964218455744,0.8201651149134795,0.4992967992767186,0.5833333333333334,0.02876301394035645,107.64072701605788
BATADAL,Isolation Forest,train_q99,0.4629917209227554,0.02101596592442984,0.5159560969420124,0.4199623352165725,0.8201651149134795,0.4992967992767186,0.5833333333333334,0.036880183518616556,149.99117698958887
BATADAL,Isolation Forest,train_q995,0.4756758948155286,0.00930746677131043,0.5972472870045138,0.39548022598870053,0.8201651149134795,0.4992967992767186,0.5,0.02505734956767249,97.05311452267513
BATADAL,Dense-Autoencoder,val_f1,0.5604618187224408,0.04159282229607944,0.5945848785770477,0.5480225988700566,0.9591858504833713,0.6868764045216006,0.6666666666666666,0.036880183518616556,33.52743956237868
BATADAL,Dense-Autoencoder,train_q99,0.6309883705250907,0.007089984153759145,0.4745390929608833,0.9416195856873824,0.9591858504833713,0.6868764045216006,1.0,0.09775895535556732,107.6407270160579
BATADAL,Dense-Autoencoder,train_q995,0.6511627517781363,0.0038698610406661888,0.5036825406940485,0.9209039548022598,0.9591858504833713,0.6868764045216006,1.0,0.08505382036350802,93.52391035821422
BATADAL,CNN-Autoencoder,val_f1,0.5566431355156114,0.06613580971008862,0.5764603535152469,0.544256120527307,0.8739007376435485,0.6259627033166842,0.75,0.03723310393506265,21.175224986765485
BATADAL,CNN-Autoencoder,train_q99,0.4146817312097448,0.031472902587022955,0.2855682569005631,0.7627118644067797,0.8739007376435485,0.6259627033166842,1.0,0.18087171342862185,209.9876477854244
BATADAL,CNN-Autoencoder,train_q995,0.5037771487169813,0.01546182980264107,0.3865399965049993,0.7250470809792843,0.8739007376435485,0.6259627033166842,1.0,0.10834656784895007,68.81948120698783
BATADAL,LSTM-Autoencoder,val_f1,0.5782395470227285,0.01853650664357342,0.6292196680738656,0.5386064030131826,0.9150049997058997,0.6093501944511477,0.6666666666666666,0.030174695606140816,45.879654137991885
BATADAL,LSTM-Autoencoder,train_q99,0.5517890645924752,0.04393278890865696,0.48637941006362057,0.6403013182674199,0.9150049997058997,0.6093501944511477,0.6666666666666666,0.06317275454385037,105.87612493382743
BATADAL,LSTM-Autoencoder,train_q995,0.5733156674228783,0.04203915514531626,0.5504356475109616,0.5988700564971752,0.9150049997058997,0.6093501944511477,0.6666666666666666,0.04570319392976884,68.81948120698782
BATADAL,Transformer-Autoencoder,val_f1,0.6123045690194212,0.002808233726588437,0.5732351479330285,0.6572504708097928,0.8616721449087242,0.5188658253470062,0.75,0.04587965413799188,24.704429151226403
BATADAL,Transformer-Autoencoder,train_q99,0.18109050654899836,0.02370318755558645,0.09968527084244039,1.0,0.8616721449087242,0.5188658253470062,1.0,0.8586553732133404,160.5787894829716
BATADAL,Transformer-Autoencoder,train_q995,0.3079611247941893,0.11476730378410381,0.19816947051907377,0.8474576271186441,0.8616721449087242,0.5188658253470062,1.0,0.4009175930827598,151.75577907181932
Gas Pipeline,Mahalanobis Distance,val_f1,0.4631332251667568,0.0,0.36229022704837116,0.6417686734948789,0.7294919953222867,0.5412699122188114,0.8553712834304498,0.316091150566196,2542.2899482734515
Gas Pipeline,Mahalanobis Distance,train_q99,0.4185959903171746,0.0,0.8220380302291566,0.28078940794404195,0.7294919953222867,0.5412699122188114,0.3535036605408636,0.01700918029731115,170.09180297311153
Gas Pipeline,Mahalanobis Distance,train_q995,0.42198785554490253,0.0,0.9078657865786579,0.2748771754517445,0.7294919953222867,0.5412699122188114,0.34289556252801434,0.007805582739177036,78.05582739177035
Gas Pipeline,PCA Reconstruction,val_f1,0.4426206574959198,0.0,0.5029673590504451,0.3952035973020235,0.7328736888624674,0.4930671332499512,0.6030180785895712,0.1092781583484785,1092.781583484785
Gas Pipeline,PCA Reconstruction,train_q99,0.26926015977770057,0.0,0.8122380553227159,0.16137896577566824,0.7328736888624674,0.4930671332499512,0.2575825489317197,0.01043851064821287,104.3851064821287
Gas Pipeline,PCA Reconstruction,train_q995,0.25398625186025087,0.0,0.8525214081826832,0.14922141727038055,0.7328736888624674,0.4930671332499512,0.23576871358135365,0.007223076564611585,72.23076564611586
Gas Pipeline,One-Class SVM,val_f1,0.3555652115826256,0.0033695530307926605,0.219173212566422,0.9427651483609515,0.6095022393078542,0.44053518681218756,0.9514418048707606,0.9398154620438977,1946.1919629681408
Gas Pipeline,One-Class SVM,train_q99,0.35524248441721146,0.0006266419205355603,0.21936623539431035,0.9334110528214948,0.6095022393078542,0.44053518681218756,0.9416803625678569,0.9294313186386441,2034.9659039719154
Gas Pipeline,One-Class SVM,train_q995,0.35133873213205113,0.0013936325019086166,0.2195590456532982,0.879257223748855,0.6095022393078542,0.44053518681218756,0.8979530853130137,0.874605837488544,2179.8934402038
Gas Pipeline,Isolation Forest,val_f1,0.4486610183524527,0.0006074485264352376,0.2899414276915508,0.9913398284619869,0.6347209867956174,0.28288634333591595,0.998256885303053,0.6793187007782282,2853.581247961228
Gas Pipeline,Isolation Forest,train_q99,0.07819132386598791,0.016357827105632376,0.36691694154021154,0.04382823993116274,0.6347209867956174,0.28288634333591595,0.07863937447084018,0.02096245553536201,209.62455535362005
Gas Pipeline,Isolation Forest,train_q995,0.04826793397588347,0.010581829469859702,0.3499573632396673,0.02598051461403947,0.6347209867956174,0.28288634333591595,0.04661586732406992,0.013467542755953214,134.67542755953215
Gas Pipeline,Dense-Autoencoder,val_f1,0.35901717373919456,0.00034088148428453973,0.2229138879780439,0.9345213312238044,0.6414487554189275,0.47334937389375753,0.948403804970367,0.9155133044410272,1607.484039330817
Gas Pipeline,Dense-Autoencoder,train_q99,0.3326202280720349,0.05935750670192557,0.5076779852874727,0.3717489660532379,0.6414487554189275,0.47334937389375753,0.4428507395786643,0.20538391040278361,681.6875592214611
Gas Pipeline,Dense-Autoencoder,train_q995,0.33310937086661135,0.062030445880404975,0.5289135405417857,0.3343325838954118,0.6414487554189275,0.47334937389375753,0.4104786094925046,0.15925718812619413,626.8543113223667
HAI 22.04,Mahalanobis Distance,val_f1,0.2115219260533104,0.0,0.1889400921658986,0.240234375,0.6568036882161017,0.17332153866893396,0.5,0.01237142388528316,28.35117973710724
HAI 22.04,Mahalanobis Distance,train_q99,0.03474557274153777,0.0,0.017885991230094624,0.60546875,0.6568036882161017,0.17332153866893396,0.75,0.39883783593804917,4.920452681646712
HAI 22.04,Mahalanobis Distance,train_q995,0.031027868667494077,0.0,0.015975368885790635,0.537109375,0.6568036882161017,0.17332153866893396,0.75,0.39689308559244596,2.5773799761006586
HAI 22.04,PCA Reconstruction,val_f1,0.022435897435897436,0.0,0.011973684210526315,0.177734375,0.6078471976118232,0.09027979177085851,0.5,0.17594132945945312,50.61037043979475
HAI 22.04,PCA Reconstruction,train_q99,0.033880053015241884,0.0,0.017307041299932296,0.798828125,0.6078471976118232,0.09027979177085851,1.0,0.5441317744089599,168.4669275287612
HAI 22.04,PCA Reconstruction,train_q995,0.0351368309281336,0.0,0.018013559657544417,0.7109375,0.6078471976118232,0.09027979177085851,0.75,0.4649359169615033,148.08219499051054
HAI 22.04,One-Class SVM,val_f1,0.011204481792717087,0.0,0.0057825267127592705,0.1796875,0.5033931079248576,0.011395633386191706,0.5,0.3706272405632747,0.46861454110921064
HAI 22.04,One-Class SVM,train_q99,0.03770130793007623,0.0002564684522881334,0.019382111518198557,0.6875,0.5033931079248576,0.011395633386191706,0.5,0.4172934386154002,12.183978068839474
HAI 22.04,One-Class SVM,train_q995,0.03843732647482089,0.00023893756356714412,0.01977137519822475,0.6875,0.5033931079248576,0.011395633386191706,0.5,0.4089130485718972,7.732139928301975
HAI 22.04,Isolation Forest,val_f1,0.16798127687772832,0.05084904771790996,0.09944735394361959,0.5794270833333334,0.7289229169351438,0.4583552361067364,0.25,0.06843334348664838,68.57392784898116
HAI 22.04,Isolation Forest,train_q99,0.4299240500425572,0.03674691768320005,0.40694548303419387,0.4622395833333333,0.7289229169351438,0.4583552361067364,0.25,0.008419441255262151,11.637261104212064
HAI 22.04,Isolation Forest,train_q995,0.4940028497458699,0.0479003726735986,0.565860125797604,0.4466145833333333,0.7289229169351438,0.4583552361067364,0.25,0.004506509837000242,5.389067222755922
HAI 22.04,Dense-Autoencoder,val_f1,0.023049515009146298,0.006111520827942027,0.012558386998458874,0.15299479166666666,0.60770549967978,0.07302748914856806,0.5,0.15368213875676562,41.159977194092335
HAI 22.04,Dense-Autoencoder,train_q99,0.023430885751550237,0.0,0.011854321502164802,1.0,0.60770549967978,0.07302748914856806,1.0,1.0,1.1715363527730265
HAI 22.04,Dense-Autoencoder,train_q995,0.023430885751550237,0.0,0.011854321502164802,1.0,0.60770549967978,0.07302748914856806,1.0,1.0,1.1715363527730265
HAI 22.04,CNN-Autoencoder,val_f1,0.024330495181493623,0.012048542498135832,0.013954638508373411,0.14583333333333334,0.5605594674903543,0.07682698779147158,0.5,0.17195029561767303,57.32717886236011
HAI 22.04,CNN-Autoencoder,train_q99,0.023456525609695873,4.440953700709912e-05,0.011867447686693774,1.0,0.5605594674903543,0.07682698779147158,1.0,0.9988831353436897,6.63870599904715
HAI 22.04,CNN-Autoencoder,train_q995,0.023612582868758978,0.00031470863859434035,0.011947458418295871,0.9993489583333334,0.5605594674903543,0.07682698779147158,1.0,0.9915961792294414,22.41539554972391
HAI 22.04,Transformer-Autoencoder,val_f1,0.02084861454734853,0.0026734176230208237,0.011165913031839544,0.16145833333333334,0.5686169985897632,0.074676048850198,0.5,0.17448081413966277,55.53082312144145
HAI 22.04,Transformer-Autoencoder,train_q99,0.023019176626865978,0.001713015168977102,0.011649942097797026,0.9557291666666666,0.5686169985897632,0.074676048850198,1.0,0.9725626186180558,24.21175129064255
HAI 22.04,Transformer-Autoencoder,train_q995,0.023608389362159282,0.002067643351970415,0.011958858432238088,0.9186197916666666,0.5686169985897632,0.074676048850198,1.0,0.9082062216390575,43.19064020556558
HAI 22.04,LSTM-Autoencoder,val_f1,0.025338884561633034,0.008846570912724004,0.014036615592948632,0.146484375,0.5809115175203261,0.07429458439293703,0.5,0.13639807243218757,77.94621867116537
HAI 22.04,LSTM-Autoencoder,train_q99,0.024444658787979228,0.0017535851028948931,0.012374095202855732,1.0,0.5809115175203261,0.07429458439293703,1.0,0.960776962909159,52.9534431453408
HAI 22.04,LSTM-Autoencoder,train_q995,0.024587120982535488,0.001970657193099259,0.012447245297530418,1.0,0.5809115175203261,0.07429458439293703,1.0,0.9558565102275124,46.158532299257246
